Supplier,Price,Delivery,Quality,Service,Flexibility
Supplier_1,902,5,8.861963628397097,7.024190260419817,7.176968230878678
Supplier_2,1148,7,8.084936529941338,6.123160198641791,6.979807943738025
Supplier_3,1070,9,9.289573675268233,9.886132169562355,8.346543045809396
Supplier_4,906,1,7.723448366152134,6.882981953811127,9.459465516282812
Supplier_5,871,7,9.58685715936049,8.936119050357226,6.53025731761394
Supplier_6,988,6,6.285121080220655,9.050385578776702,7.759385682105928
Supplier_7,820,9,9.81864012013323,9.717029592028917,8.94704710956793
Supplier_8,902,1,8.618772325725393,6.12219782837352,7.081090294226747
Supplier_9,921,4,7.520298035748821,9.48819335378803,5.84059064199648
Supplier_10,1014,9,6.788616506291509,8.1089047233592,7.374754826318741
Supplier_11,1130,4,7.9167329177744,8.530176439863311,5.276112603715142
Supplier_12,887,3,6.778233292741204,8.577881108484135,9.711917270011384
Supplier_13,1172,9,6.665326430972568,9.27919121993891,5.374106025974865
Supplier_14,899,2,8.469407029651897,7.333629288636442,7.1922835762528905
Supplier_15,1159,4,8.092338898327139,8.932204759439973,7.649406305442631
Supplier_16,951,6,8.680384138443767,8.114312438888788,9.926519161436428
Supplier_17,930,2,9.718423509687957,9.173576057221391,5.830109118214304
Supplier_18,949,8,8.12904085335616,9.962184131080534,5.572157593061792
Supplier_19,1108,8,8.32372821305119,6.802604069615045,5.043530735312718
Supplier_20,1057,1,6.3585053566197685,9.978594566239991,5.777857184346511
Supplier_21,1143,3,8.870543143634517,6.359248617131096,6.0363648953383375
Supplier_22,1093,9,7.599620827216625,6.0092701916192555,8.15290470791546
Supplier_23,1185,5,9.906900954650315,6.176647744711325,6.098533951957002
Supplier_24,991,6,9.29269606238264,7.367129618947047,5.102604073646626
Supplier_25,1076,4,8.089924162064474,8.531625322713737,9.133091727512443
Supplier_26,960,2,6.492890616688664,6.2761181635513985,6.827978505019834
Supplier_27,1113,8,9.437663173122356,6.0226632581182695,6.76848343290367
Supplier_28,821,6,9.199124381696087,9.74836411383518,6.512395145839633
Supplier_29,1052,5,6.7383405181481315,9.287706543759718,9.876866385732104
Supplier_30,1035,9,7.18111315688124,9.236732684556124,5.850577086546408
Supplier_31,1144,1,9.17362903259135,9.537697102007908,9.491190319766176
Supplier_32,848,5,6.740913786189639,8.800137091088418,8.88401666069944
Supplier_33,858,6,9.67100995668551,6.417616518992325,5.382399777496565
Supplier_34,969,5,7.698109700785448,7.596400752294892,9.933645507504243
Supplier_35,987,6,6.348155850350635,8.892597945858519,6.356829817695052
Supplier_36,1070,6,9.262994574017124,7.121337843166083,5.4929146351120615
Supplier_37,989,7,7.49403873215355,8.749625456544951,9.146571170628796
Supplier_38,974,4,8.105996776615124,6.097993793070609,8.5333776683885
Supplier_39,850,8,6.449217377644876,7.224549363518372,8.086094029389503
Supplier_40,1163,7,6.010336059379929,8.19652134510869,5.7799043184946655
Supplier_41,854,9,8.55194082317319,8.528359318024968,7.392480581279809
Supplier_42,1043,7,8.060700681334927,8.308162657847642,8.90278013443607
Supplier_43,1119,3,8.37415427649259,8.791025104293718,6.518119690719201
Supplier_44,930,3,9.174975401522065,6.024354992959356,6.558449142575207
Supplier_45,1106,8,8.58642365369144,6.4037647999100855,5.015704530240611
Supplier_46,934,5,6.699093771309508,9.47577700911658,5.871217008226898
Supplier_47,820,4,7.443090076442399,8.726994576360646,9.377028125609172
Supplier_48,1128,8,9.623564419151041,6.451726570744045,7.2087324581885355
Supplier_49,966,6,9.079778801006716,9.368297749594317,9.921172496172169
Supplier_50,1073,2,8.226548231746868,6.968924871298268,6.978539817868963
Supplier_51,1187,4,7.022579991237089,7.913039536780894,8.575932273901206
Supplier_52,888,4,7.20824200733918,6.580786051538642,6.4095952145236454
Supplier_53,1115,6,8.927832270342538,8.840440225686827,6.819048205704668
Supplier_54,813,6,9.404697043411083,8.667417684057071,5.9536299379544735
Supplier_55,1041,1,8.685698678122458,6.844449884664545,6.735311842496975
Supplier_56,1064,8,9.238119903073766,9.453603067428007,7.736187602103215
Supplier_57,1145,6,9.066624540801623,7.605224096878849,9.958864404896246
Supplier_58,852,3,6.598815871827831,7.170060364282968,8.321008565358929
Supplier_59,1185,9,7.695779251653208,6.609318357858141,5.99622977204157
Supplier_60,1139,2,6.611935203314251,7.06467205006215,5.224807207957756
Supplier_61,891,8,6.94094233920794,6.088107684895268,5.631782406572553
Supplier_62,1166,3,9.47703849860421,8.333029969824462,7.812776006365237
Supplier_63,1063,5,7.891567862532728,9.368922985375791,8.825801644083832
Supplier_64,834,6,8.141432407370644,8.195921797766568,9.702096036503734
Supplier_65,1005,6,6.7137838609110885,6.877095847695503,5.079115859984104
Supplier_66,880,4,7.249087144195184,6.134676712855491,7.613800707809348
Supplier_67,849,3,6.92098467371148,6.858512293035211,7.354336781115884
Supplier_68,1159,4,6.824744658073706,7.664485712284369,8.28027510987852
Supplier_69,1187,1,8.55184317326388,9.038445714799186,7.79789427232671
Supplier_70,801,4,7.027535390582859,6.751371410151096,8.435195752912403
Supplier_71,1189,1,8.528061944081674,8.879165813418744,8.29041292374595
Supplier_72,853,1,6.233818456434216,9.467733873407536,5.585058624289731
Supplier_73,905,6,6.567097574108407,7.815787392433428,8.998589568093598
Supplier_74,1059,5,7.0981610160005015,9.285727966570374,5.616162878581624
Supplier_75,1109,4,8.388187667582766,8.218629392140382,8.492653126045685
Supplier_76,990,3,8.703364980349503,8.548363348323619,7.0807268382030335
Supplier_77,1017,1,7.770867867118108,8.10511384135281,7.56925367288299
Supplier_78,843,6,7.783163658308916,7.852690867005367,9.516490071878554
Supplier_79,961,2,8.898067405594473,6.938613767103398,9.449418632367433
Supplier_80,1001,8,6.06328436706233,7.212776237844184,9.089281528275148
Supplier_81,1069,5,7.364360097896882,7.159880475774436,7.550741902281617
Supplier_82,1150,7,9.274828228476931,8.253155723815258,8.681199050669166
Supplier_83,1103,2,8.41287764085349,6.47981477209556,7.564485277594047
Supplier_84,1070,8,7.3489085310216815,9.667166762809341,9.348030412373888
Supplier_85,1014,2,9.622099169318695,8.882620581132453,7.013879166164499
Supplier_86,1051,4,9.09049090979753,7.605782523652774,9.851176722074385
Supplier_87,989,1,7.059581788946934,6.634496578105512,9.661613791144388
Supplier_88,1095,5,8.581159350102867,9.527968678886543,8.708013097258927
Supplier_89,1012,9,8.383002912755828,9.29511236040466,6.39707942088036
Supplier_90,1007,1,7.604751656155931,8.886886210868717,5.658267943966292
Supplier_91,1036,9,7.467824316819202,7.08618818964497,9.273517250465988
Supplier_92,1137,8,7.374241899102816,7.609786549734675,5.8265114306898065
Supplier_93,1166,6,8.468623133582588,6.410993009809694,9.271303944986679
Supplier_94,852,7,7.769639745922678,6.756158098910127,7.453825033561802
Supplier_95,1079,3,9.327452453005687,9.13206654926693,7.032783919040521
Supplier_96,1016,1,8.678410464535848,8.860154875402735,9.515953894172146
Supplier_97,1051,5,6.2797264228377365,8.373943051903739,8.01925491270139
Supplier_98,987,2,8.560672895312663,9.582906903704691,7.883070035648589
Supplier_99,1179,5,7.08458974600074,8.333066071252182,7.793829723121988
Supplier_100,840,8,8.37124796661369,7.867871999854443,6.855847580097657
Supplier_101,956,9,8.720527724413806,7.36148298522305,8.928215517645636
Supplier_102,814,2,6.923316756616048,9.76179402294469,6.263992220078865
Supplier_103,1100,3,7.827434579521475,6.330861846097414,9.694474800206375
Supplier_104,864,3,6.761299451276271,9.723549488243233,9.469926025234804
Supplier_105,1144,1,6.209355503146034,9.306858639724073,6.687401628374491
Supplier_106,1126,8,7.513905693943476,6.519719698142805,8.647318849158319
Supplier_107,808,6,7.451777087383968,8.259937430701015,7.8661159722479574
Supplier_108,1143,8,9.981921962817028,9.466191926996348,6.688246509996173
Supplier_109,928,9,7.785409404790569,8.287236654428614,9.942608239977233
Supplier_110,935,5,7.334278197888802,9.62879928624249,5.126186729241321
Supplier_111,862,3,8.321900026866698,9.771935267264169,6.263230153106433
Supplier_112,938,5,6.355069576431074,7.6895380887372236,7.600370305555752
Supplier_113,880,5,9.846662943819252,7.509254645625294,7.609765017392819
Supplier_114,1191,5,8.539840182364133,9.745284615876628,7.944665374727821
Supplier_115,962,3,9.019351279763391,8.700560244598673,8.758380860114595
Supplier_116,1088,4,6.681911752695671,6.464090725392677,8.117389152596482
Supplier_117,1178,9,7.637911412020816,6.169166996890725,8.001407302640185
Supplier_118,1060,9,7.690756453584758,8.258516203989053,5.267572314565216
Supplier_119,1030,2,9.287225775604348,9.720683861753699,6.882651438946492
Supplier_120,840,8,6.004946719037638,9.376994809623273,6.16027869850578
Supplier_121,827,8,7.20341243341302,8.703390985857347,6.326850558009877
Supplier_122,934,7,9.924945497377216,6.55646339556435,7.7716873717017245
Supplier_123,1000,8,7.8995461740248745,7.016925534994782,5.997526574648042
Supplier_124,1127,3,7.5301051209760335,9.502044906210465,6.469745505084488
Supplier_125,1067,6,6.479316008070585,6.731228946627602,6.185423542586701
Supplier_126,832,1,9.896658514512062,7.113757633001738,9.742514716090973
Supplier_127,847,7,6.080105423703298,6.518402604781768,9.723328660855476
Supplier_128,861,1,8.948720900028972,8.704432925657645,8.049707792980259
Supplier_129,1015,9,9.074399219154033,9.775929221452838,9.6226123436595
Supplier_130,1092,1,6.974626864255466,7.075872126381544,8.929063227341866
Supplier_131,898,1,8.686233774452148,7.901626431400295,7.949739414009044
Supplier_132,971,7,6.37171657751756,8.537358958844816,5.032176057483978
Supplier_133,1159,2,7.02818906572832,9.997864992862523,8.86258143039702
Supplier_134,1013,5,9.15160795316906,6.419232259990288,8.512441707942344
Supplier_135,834,8,9.45874476813416,7.994283198022837,8.07626826641207
Supplier_136,1026,8,8.433945650639165,7.54048047961,8.80212155841236
Supplier_137,900,3,8.02735372728193,9.46328066088942,7.564610823873829
Supplier_138,930,7,6.637216082475922,7.903870924046624,8.520416356606695
Supplier_139,1056,3,6.252436132316601,6.443910098340592,9.675860433632467
Supplier_140,804,6,6.470596113894235,8.537696581146335,6.8790250792304315
Supplier_141,1017,6,6.909429200384395,9.08312247305552,8.540609174503127
Supplier_142,1054,3,7.366698007587683,6.011525006662458,7.378439090054794
Supplier_143,1197,7,7.5236381020439485,9.435826741682519,8.371998259069908
Supplier_144,1158,3,7.385287074356015,6.744092000022663,8.81446667777182
Supplier_145,1082,8,6.956221328789063,8.208277458613512,5.22726250217898
Supplier_146,1192,4,8.038896987006792,7.6631900027498006,8.233002219743309
Supplier_147,1006,1,9.301144432931586,8.878615266442122,6.133705922034723
Supplier_148,814,4,7.118814153885917,7.484646459142967,8.350162689037834
Supplier_149,1145,7,9.769548076408933,9.479052706726844,7.3416509296690675
Supplier_150,841,4,9.493346646895391,8.921985443835162,8.867763709324436
Supplier_151,1179,6,6.647056845408438,8.590852684251686,5.617004076027982
Supplier_152,978,9,9.145103827028379,9.184962382251417,8.131611758280975
Supplier_153,862,1,8.298349529271066,9.016092139713528,6.392353644637762
Supplier_154,1151,5,8.266301448685674,6.143754699686213,9.264909976652957
Supplier_155,1030,7,7.564171052232698,7.578937415379313,9.641917528181537
Supplier_156,1040,1,8.00461199672804,9.72322918926596,9.981991468395277
Supplier_157,851,4,7.588715109716844,6.502897075968905,8.980037012136417
Supplier_158,895,6,8.15893047503977,8.948386201728205,8.768670352140022
Supplier_159,1187,2,8.511800211090543,9.89836724534132,6.077503794337755
Supplier_160,1021,5,8.697215225636194,6.2087945161798865,6.680035294950544
Supplier_161,1030,1,8.129924770237704,8.728775522506442,7.328412708811397
Supplier_162,1036,6,8.885688269314926,7.872616565204122,8.866905238911249
Supplier_163,942,6,6.565112197102023,8.316701021498888,9.574829325389842
Supplier_164,970,4,6.847929963608954,6.3413653459373,5.945695500114923
Supplier_165,828,8,9.27494001629708,6.172027807467758,9.611837423350515
Supplier_166,835,4,7.290111911385661,8.667466642203687,8.478123261770289
Supplier_167,812,8,6.0915752999044805,9.293237719282871,8.053853653425193
Supplier_168,959,8,6.615164598672124,9.128061339731868,5.999206356409697
Supplier_169,1126,5,6.894457737985245,8.17522291146495,5.2776251640457525
Supplier_170,986,4,9.829291551578349,6.399467284544713,7.842324492539699
Supplier_171,1042,2,8.292165715723398,8.752177775344055,8.257578416644462
Supplier_172,885,3,9.73092296190502,6.967555534216584,6.053907246773441
Supplier_173,1083,3,8.3006534019865,9.644274811069534,7.782281029127282
Supplier_174,865,4,7.917417760551407,9.35306143818282,9.282467013812868
Supplier_175,969,4,7.254910764776384,8.837531868349563,9.1753297272751
Supplier_176,844,5,8.425483777733502,9.79538382332452,9.636775902931486
Supplier_177,861,4,6.556792098470119,6.125687286045092,6.829429047784402
Supplier_178,933,8,9.593046509170824,8.944801700243048,6.590247862754594
Supplier_179,1083,6,9.317329620565134,7.320971117345621,8.747130029904042
Supplier_180,827,6,7.270125791506948,9.62426354274546,7.155562025485025
Supplier_181,907,8,9.811190110405178,7.06670078664791,5.437743320138903
Supplier_182,843,7,9.300803069662273,8.899425997260067,6.414005653352499
Supplier_183,1139,8,8.665227543340158,9.510588078603126,7.092911427657445
Supplier_184,1085,2,6.487047644501099,6.16662727353073,6.4625821273812605
Supplier_185,1130,9,7.9129360921922895,7.590590318368145,6.6610278547366075
Supplier_186,927,1,8.024430219387003,9.049236128087754,6.468879530871954
Supplier_187,1147,8,6.93020543346152,7.819675558030348,5.207495835915397
Supplier_188,1030,4,6.319861577437208,7.069010519174381,8.185473504122212
Supplier_189,989,4,9.10689452188677,6.87922139529276,7.986462101767346
Supplier_190,1024,5,6.48814020849758,6.526073067665512,8.266917492393404
Supplier_191,1184,8,8.377163002247098,9.428518239425129,5.961549480168137
Supplier_192,1176,5,9.745796695534642,8.301421613006223,6.478272708062427
Supplier_193,1082,8,9.50442077039217,6.305539779965824,8.098079634724611
Supplier_194,920,1,7.1110104949970445,7.530321294282542,7.998137842299607
Supplier_195,915,9,9.405794550205062,7.47093460322044,7.531651546771339
Supplier_196,1032,6,6.001330024481957,6.726956762837852,6.752066250050987
Supplier_197,1058,3,6.070751238453029,7.742030501888763,9.56465502387345
Supplier_198,1158,8,8.41021265537146,7.328397461572546,6.698851211494219
Supplier_199,997,9,7.459192876578118,7.36721482196873,7.2780957821862575
Supplier_200,936,6,7.545843364636589,8.956106231151836,8.390569154771043
Supplier_201,1117,7,8.25776436271553,6.893053542020786,7.71510715433382
Supplier_202,964,1,6.767129822367442,8.567439835421421,6.734429881821928
Supplier_203,1024,5,6.847021402661913,8.28259849552374,7.178223952282549
Supplier_204,1106,5,7.938406348075459,8.27237004935147,8.972404089267531
Supplier_205,1033,4,9.017014177375453,8.652029384567104,6.390645777433062
Supplier_206,971,6,8.47799100563035,8.193528144782615,5.711276198884077
Supplier_207,951,7,7.189420192947356,9.517020459385538,6.565816009148886
Supplier_208,1114,9,7.721348710035684,8.70232036780104,9.247671077439506
Supplier_209,1173,1,6.682659034199993,8.187853005485552,5.444948574281733
Supplier_210,959,6,6.298519257348326,9.31905248115058,9.95848036686226
Supplier_211,895,7,9.130784162976596,8.42458625973392,7.705014494638313
Supplier_212,1032,3,7.061549636752778,7.1645769911407164,9.924228719835469
Supplier_213,979,8,6.711065551404992,6.828379672706285,9.694982110429887
Supplier_214,912,5,8.766472222277278,6.609311142650715,7.264068571054584
Supplier_215,1117,9,8.472206697148744,9.597820850184407,5.992455373026745
Supplier_216,851,5,8.532758504053856,8.840541727192264,5.824423882825692
Supplier_217,1067,9,6.9155784193864545,9.749513752657283,6.199946819349788
Supplier_218,1094,4,6.9305821542507235,8.413167222859773,8.550663202822687
Supplier_219,1185,9,6.8832105191425565,7.89360352597965,6.364749973657439
Supplier_220,1186,5,6.695010382649178,6.238865955883558,6.707126348021491
Supplier_221,912,9,8.622894690246625,8.68656912618412,7.243894019973074
Supplier_222,900,3,9.392063540997606,8.328835039072924,9.566163402107282
Supplier_223,912,4,8.897269878706645,9.960835574350487,5.946967089424231
Supplier_224,880,9,9.168374535042172,6.956635111128972,5.025132763049015
Supplier_225,986,6,7.619193716340799,8.122949421147343,5.30048205189085
Supplier_226,912,2,8.616303181487993,8.603829340472291,9.52383170840059
Supplier_227,801,7,7.416944961779098,8.578364698969374,8.237582324216817
Supplier_228,929,2,8.10201848787456,8.245174171793611,6.365203096639034
Supplier_229,1019,2,7.926539386139449,9.107712041308902,5.885962505055955
Supplier_230,853,1,6.707548580575418,6.819924838107266,6.471333683185572
Supplier_231,1142,3,7.548315041342523,8.902508801097664,5.573984636256401
Supplier_232,1023,6,9.855289101929404,8.478938285732356,9.707664551422205
Supplier_233,1024,8,6.994321030859768,9.584300447178293,8.921030871826334
Supplier_234,1184,9,6.535214945117955,9.388777756134328,7.311955884562703
Supplier_235,925,7,7.674322486495742,7.260588156530213,9.32481302557601
Supplier_236,929,4,9.161350943440592,7.104949299900612,6.247291021466161
Supplier_237,852,6,8.328592919119888,9.92661329540979,8.585602842360966
Supplier_238,971,5,8.723899308952978,8.109060723661026,9.280662495068718
Supplier_239,1017,8,6.758779392698709,9.625683855657748,6.783843558116363
Supplier_240,959,1,8.475792772030886,6.655524095121929,8.787322227253588
Supplier_241,997,1,7.2940015796458955,8.571275659200698,6.475361746321546
Supplier_242,1046,6,9.33721346381907,9.239440749442345,6.494285676295154
Supplier_243,1123,2,8.517195224042945,9.789580998345787,5.53528589277093
Supplier_244,1002,5,6.795425111101183,7.349360564068094,7.200290232546994
Supplier_245,983,1,6.258466719376345,8.899924679696209,8.648559532487111
Supplier_246,922,7,6.170532837148131,8.155252036158476,9.701104027856424
Supplier_247,1054,1,7.485634270600563,6.242515704265873,8.018984959645481
Supplier_248,1093,4,7.063404546617254,8.759998949235774,9.315677688678695
Supplier_249,1079,9,8.584360493850031,8.760386232951374,9.112473246451135
Supplier_250,1124,1,7.997335339914473,9.722427219386148,5.8667152648764045
Supplier_251,1171,4,7.064077112021523,7.98924978467589,7.429087144563157
Supplier_252,897,6,6.5969511118007045,6.921003682842059,5.584617677626957
Supplier_253,997,6,6.508799050749799,6.178255293794717,8.410765807808176
Supplier_254,1194,8,9.45864156856167,7.662568746743623,9.74949834123038
Supplier_255,1039,1,6.973911873619469,7.207666800310007,5.685447290393783
Supplier_256,943,7,8.606842591643874,9.044353224095502,8.669415654012706
Supplier_257,896,1,9.242743711945065,7.417071059364186,8.161190754339305
Supplier_258,1000,7,8.456325244738945,9.796284785259376,7.918025185040499
Supplier_259,923,3,9.438260926587784,9.849240811951137,6.950601173441696
Supplier_260,986,8,7.569574886113898,8.483634360870832,6.775658238769063
Supplier_261,1125,3,9.824888762595794,9.714641148059531,5.22624594509444
Supplier_262,1148,1,6.532580016712387,9.043417378057983,6.089543541260067
Supplier_263,1058,8,6.408598118630152,8.187438563900505,5.075884411434134
Supplier_264,947,3,8.634768584829775,6.7212317416911125,7.907085527910103
Supplier_265,1051,2,9.771324565653046,7.83439177405536,5.529266179389544
Supplier_266,1145,1,9.235533846545312,8.24349785345047,9.365096970148581
Supplier_267,946,3,6.305667437752206,9.45584632294004,7.615715103485826
Supplier_268,947,2,7.1174708557388655,7.9253335061426595,8.498449545293543
Supplier_269,1151,2,9.721275539351295,9.590698690711827,7.054285459202482
Supplier_270,998,6,7.012233731203138,8.697395916093875,7.802899045005243
Supplier_271,1107,1,9.124681695147677,6.547996252214686,9.713295884833151
Supplier_272,927,2,9.300528783714816,9.979925477300371,5.4136701981183535
Supplier_273,838,6,7.981808413843927,8.10893064301565,6.269688859618481
Supplier_274,1137,3,7.545395639393262,7.5674331856363155,8.899941634552722
Supplier_275,1159,4,7.800497729679039,8.636455057878106,5.493686034413329
Supplier_276,928,1,6.907858777461456,6.435573255924156,5.378305519520554
Supplier_277,1066,8,9.557563664515378,8.546154587013417,6.807706993770193
Supplier_278,950,7,7.802478626919031,7.992944001997092,5.460839792362162
Supplier_279,1097,7,9.5298377618244,7.6266962799943325,7.925392211031015
Supplier_280,898,3,6.422773919625096,9.812080084715596,6.1313762540829995
Supplier_281,1062,3,9.953101084000526,8.090158866928213,9.478489815996863
Supplier_282,1051,2,7.773092349774473,6.876469917879754,8.917500404226283
Supplier_283,943,1,6.191323281576421,7.835853917509194,8.49852603049738
Supplier_284,1145,7,6.15208739294982,9.67754961829069,8.08472013692251
Supplier_285,911,7,8.984829029927354,6.704381885322379,9.317328651707317
Supplier_286,859,2,8.636142136814723,6.855828154752947,6.115310307713784
Supplier_287,1168,7,9.20852223251035,6.052118271028335,9.365544213821138
Supplier_288,801,8,6.421470135811224,6.056760197583069,8.947461492120262
Supplier_289,1184,1,6.142283468142193,9.31756650783405,8.740804131938429
Supplier_290,1103,9,8.034317157790314,8.928490427371823,7.8062783903746205
Supplier_291,1053,7,7.550380925931078,7.420164225807833,6.231220804853001
Supplier_292,939,3,7.847787746683823,8.79324462891029,7.117739579959482
Supplier_293,836,8,9.966353635481095,7.580823705239881,8.967853272694008
Supplier_294,959,7,9.882999830682682,9.81158718399131,5.158892421786622
Supplier_295,808,8,9.769261558692772,9.86821072570414,8.910253846318792
Supplier_296,1032,6,9.135370707070695,7.5711751032373735,6.200353702437832
Supplier_297,898,9,7.419365441027562,9.416887625363472,5.721546003608015
Supplier_298,946,5,7.648523721051086,9.092356166789864,5.578506590901511
Supplier_299,1103,3,8.198464174875697,7.239999748687158,5.136250059754076
Supplier_300,1007,3,9.32213782561936,6.928159315604423,7.617932426107265
Supplier_301,930,1,6.274851330073071,7.832938601571335,6.091299363468647
Supplier_302,951,8,7.6971875435395525,9.125395362457624,9.947158828898157
Supplier_303,853,2,6.330470653837075,9.840671138914981,7.872183779361029
Supplier_304,919,3,8.058630346294047,9.05431627546629,5.689426346780052
Supplier_305,960,8,9.595603296024942,9.42082794007348,8.443812704056826
Supplier_306,915,8,9.129939698255752,8.412257224682065,9.488717832548627
Supplier_307,874,4,6.91136967017244,9.341631323368503,8.725897476848072
Supplier_308,912,4,9.90396339839517,9.13768343201367,5.382199305197238
Supplier_309,903,5,8.669401592185714,7.507942167705121,9.479420905963298
Supplier_310,1139,6,6.041710797589612,8.207961208482885,8.969646929299824
Supplier_311,1053,5,7.021653938740878,9.219012487958778,5.7915195005280715
Supplier_312,1026,7,7.042853199679666,6.184226936759826,5.258929443664084
Supplier_313,911,2,6.27701722514344,9.23231712942332,7.786552876571543
Supplier_314,898,7,9.839306072303716,6.711552496196093,5.780179056699884
Supplier_315,952,7,7.913021178303695,8.058734468485756,9.17295476297636
Supplier_316,1148,1,9.583258389487527,9.23310175822375,6.791673283358369
Supplier_317,1183,7,7.288862013778513,7.015284312626779,9.564462223682877
Supplier_318,1165,5,6.5009342817313085,6.983229757224612,7.828440860705029
Supplier_319,1137,3,7.897344439624856,7.611057593849008,5.913361921198341
Supplier_320,993,3,6.455826538857268,9.578571190310537,5.697994336799001
Supplier_321,1109,4,7.94406201191016,6.0017711257488315,7.88236218778877
Supplier_322,962,2,9.68118872487763,9.60553238656774,8.80941805931222
Supplier_323,1007,2,8.08307256733685,6.615228098566432,8.90752823871091
Supplier_324,968,1,8.465998907580333,9.960345504269927,6.3787870222064065
Supplier_325,960,5,6.626553747895233,9.819387972153873,6.021233794560837
Supplier_326,867,4,6.174942503519878,7.978700758365133,5.083781522461912
Supplier_327,1088,2,6.443231848719228,8.050880991250512,8.395995756005847
Supplier_328,1197,3,8.394126302737462,7.9261973611034175,5.382841292167695
Supplier_329,1076,7,6.380046795969219,8.54177458263809,7.103806008829629
Supplier_330,1103,7,7.503971559765246,6.362886808939724,8.00841082009148
Supplier_331,1183,4,8.200367761832624,6.130471793366266,9.685544724598385
Supplier_332,1191,5,7.554611194519389,6.230811713663595,6.559010684778843
Supplier_333,934,5,6.654735205861206,7.777461396966057,6.248860812232599
Supplier_334,994,6,7.095165230056426,7.102191756877934,8.270800771430492
Supplier_335,927,9,9.713270131394308,8.488158249483975,8.096195160267907
Supplier_336,832,2,8.703929102345421,9.969769157499115,6.660548916540623
Supplier_337,975,5,7.984191354719546,7.545292692305864,9.640509177548932
Supplier_338,1170,3,6.050859559947574,8.295365016418053,9.224311637448164
Supplier_339,1174,4,9.969661601957881,7.6624155836293415,6.119912729325406
Supplier_340,821,6,8.685819739578573,9.389086670887437,6.195712727172616
Supplier_341,1037,8,7.267689909379779,9.608945613848952,7.561501734435403
Supplier_342,957,1,9.517074639991353,9.50942244882104,8.867860508653601
Supplier_343,837,8,7.033726481167273,9.89748895471703,5.220201896942322
Supplier_344,1029,7,8.176066316731006,6.110076740561661,8.466675768673532
Supplier_345,1164,1,8.544283054919301,9.359264648582124,8.241179486910486
Supplier_346,850,2,6.884253485814914,9.007088692156373,6.1574004795649415
Supplier_347,1063,3,9.913589115202385,6.914777637601459,8.406765066206745
Supplier_348,1082,1,8.99276762391599,9.825280373550111,9.700915956260413
Supplier_349,826,9,8.231252902044279,6.592711712919781,5.2339292248588425
Supplier_350,1025,8,6.722378392701204,8.718199708535634,6.598260276460312
Supplier_351,1076,2,6.215432827992105,6.89956086726365,7.190883583331776
Supplier_352,1085,9,7.280239330083933,7.725522595096299,9.496301794623449
Supplier_353,896,7,9.012749343653612,8.876639587778275,9.811307233045785
Supplier_354,1083,9,7.0773251932081,8.253298568132188,7.220576232481662
Supplier_355,1166,6,8.15822488198202,7.710007325312446,8.750142060710957
Supplier_356,1116,6,8.911788706922973,7.305353723727949,7.658305118822415
Supplier_357,1103,4,6.431774858585857,9.358638622835162,7.688914673706883
Supplier_358,946,2,8.741192064463494,6.575257401259255,6.390497575331782
Supplier_359,803,7,6.367483550840179,7.7204115061192,6.084781229319398
Supplier_360,834,5,9.860518968507986,9.615030287100568,6.440026729620206
Supplier_361,991,6,7.953576520259759,9.38339820183987,7.781640036285396
Supplier_362,848,2,6.602704430839509,7.603767049892187,5.145775930110445
Supplier_363,816,5,7.369534544134186,9.052433454405232,9.53624472178203
Supplier_364,971,4,7.653665797181046,9.292643322835437,5.781418547748881
Supplier_365,1019,9,9.032740044306149,9.55554969601452,6.100443384356932
Supplier_366,957,6,8.973695144306436,8.178023076196911,7.591380882238232
Supplier_367,845,2,8.447762021349323,6.817843544218848,8.550573831686396
Supplier_368,1172,1,6.423722850233972,7.021236306015727,5.478645273721987
Supplier_369,805,5,6.606277486350694,7.182778696166417,6.588473487735811
Supplier_370,898,9,6.3750276825822265,8.375209923238462,9.843373027871785
Supplier_371,1179,6,8.3086911331502,6.131238496514434,6.311714833904729
Supplier_372,1032,7,9.508553766045615,8.544169875119874,6.565250725315734
Supplier_373,836,5,7.735202049019087,7.457416953712928,9.182492453090168
Supplier_374,1079,6,6.643392695830984,7.180967209958569,5.251072158452276
Supplier_375,1148,5,8.232169300595867,9.517986282912506,7.323065844044854
Supplier_376,1101,9,9.247008867462839,7.840009582323196,6.898083822258352
Supplier_377,980,6,8.96684824605172,6.380212182130771,6.582933799543255
Supplier_378,894,8,9.525803118700086,9.306987072104988,6.428497970223823
Supplier_379,898,2,7.111608388995471,6.190565029746026,5.456870524302046
Supplier_380,987,9,6.7758154690711,8.906996896672787,6.574129146758244
Supplier_381,915,5,9.519265943767754,9.09562488708266,5.215262013578343
Supplier_382,990,7,8.630241251112093,7.410410423715433,8.904819318222177
Supplier_383,1052,1,7.243715720030217,9.299151425111146,6.991138969790058
Supplier_384,960,5,8.969392202290036,8.062637623425815,7.219519161599558
Supplier_385,1055,2,9.260473537921472,7.853174613091188,9.467972932250657
Supplier_386,1122,6,8.45991296136453,6.181613125874771,8.290274919306103
Supplier_387,927,1,8.751536439519661,7.160116774595624,5.040295516710599
Supplier_388,817,3,7.501039617770665,9.724039883541199,9.715874114806425
Supplier_389,1080,5,8.154782669372157,7.567295853134,6.185722329888556
Supplier_390,1022,4,8.096636682904649,8.186802082227073,5.538070923799294
Supplier_391,853,3,9.392191164523087,8.128086715937007,8.84064089190441
Supplier_392,857,5,9.35985592112873,8.361724359290774,7.50238657933359
Supplier_393,1122,8,9.330721877388173,6.2453238225731305,7.168852830090088
Supplier_394,1159,4,6.044126457049863,7.448705019194913,6.247515398413709
Supplier_395,973,1,8.998181937875554,8.892513095530216,7.7373574493115935
Supplier_396,1079,7,9.034705560444019,6.802241004291932,6.371923026012937
Supplier_397,913,8,8.713515291420567,6.814313510185442,9.507915026435338
Supplier_398,1087,3,9.02505863156581,6.040362426756099,6.076022398665964
Supplier_399,1141,6,9.367881485986835,7.749927706432839,9.421775752278768
Supplier_400,950,2,7.881276216407143,9.530937522693687,7.797027128636785
Supplier_401,926,7,8.008200853953788,6.207603774349236,9.142440669476205
Supplier_402,954,8,6.498856227645562,6.764474837984011,8.564229979304775
Supplier_403,1185,6,7.541503532189447,7.24033815337102,8.483475557183743
Supplier_404,1072,6,8.573460719647137,8.926898946256852,6.621729038475278
Supplier_405,903,5,9.121599104589098,8.562542371210347,6.169484657361018
Supplier_406,1192,8,6.868836390764843,7.663775618327421,6.054431138403941
Supplier_407,1098,1,6.551291596636942,9.036275757033502,9.285958285297944
Supplier_408,1045,4,8.65216801800197,8.438524046627608,9.1021341012951
Supplier_409,975,4,6.007519534099643,9.584163198628875,7.202867640061537
Supplier_410,838,3,6.713490337229319,9.272106996554772,5.662023067482273
Supplier_411,969,3,6.116285521375815,7.011254424356802,6.911261259887292
Supplier_412,1046,4,6.667540471419484,7.085754310536801,8.096717270684557
Supplier_413,825,1,6.725277119702021,6.501425903169542,7.272015772399764
Supplier_414,1154,2,7.550694379001577,7.347858902869826,8.900946342414976
Supplier_415,1105,9,7.609308498746223,9.998175674876377,9.988114111256927
Supplier_416,812,2,9.497049882440951,7.623004674460244,5.9556604422444845
Supplier_417,1115,5,8.0404388499953,6.881953738756426,7.298254098297862
Supplier_418,1190,9,8.893619062449146,9.049931537902212,7.15491950960411
Supplier_419,1112,9,6.416549431681149,8.169884013850623,6.522462663744754
Supplier_420,835,8,6.901755021854775,6.598405798107811,5.990477583601448
Supplier_421,972,1,8.811773763914708,7.522758724643463,5.3284605824482965
Supplier_422,819,1,6.211215841874113,7.657878862157373,9.435596586118493
Supplier_423,1120,9,7.9463906489750125,9.015318802276875,7.099243488431588
Supplier_424,1063,8,8.397475862651735,6.082685475567618,7.4844775925002445
Supplier_425,1199,9,8.408582576209923,7.076078587193242,9.58471024100458
Supplier_426,941,7,6.091731245072168,8.070385205262088,8.881452387579738
Supplier_427,1170,3,7.288432016916742,7.075386969811373,5.652506320585921
Supplier_428,942,3,8.545962604196616,8.513736189675996,7.827099838038712
Supplier_429,891,2,6.595998944596974,7.927469917098467,7.211261382597796
Supplier_430,1153,5,8.781662593312213,7.446841019438322,8.986055362893815
Supplier_431,1121,3,8.983700835254698,9.79683450748205,8.621162738059747
Supplier_432,1087,6,9.927876761784582,8.528637996745829,8.45202860955536
Supplier_433,1014,2,6.839367979425638,6.519765489071765,6.702724177399484
Supplier_434,1141,3,9.30052267066446,8.240366789773582,9.024818651996274
Supplier_435,850,5,8.081186307674617,9.122927412803604,5.261956477974306
Supplier_436,952,1,7.493850384576694,8.83395878997119,5.7981245071608365
Supplier_437,985,1,6.489507029300712,6.6883569171810375,6.678116364889559
Supplier_438,862,9,8.94202242595015,9.889679996160414,5.384037205346407
Supplier_439,989,7,6.943430396574748,7.7952545829864235,6.174971387673458
Supplier_440,924,1,7.4856880074921825,6.636100014961045,9.15075491498959
Supplier_441,949,8,6.250168907589474,6.720783016512591,9.741257688950396
Supplier_442,1113,3,9.205467663278077,6.3929399687563215,6.523011778870952
Supplier_443,857,8,9.066354095886574,9.214072433739737,6.322579019944191
Supplier_444,1141,5,8.93446332016925,6.488121977287395,6.3994632612321345
Supplier_445,1104,1,7.197774041967547,6.500501028566988,6.388595436754219
Supplier_446,979,7,6.693920297063829,9.40188645904335,5.179650910929865
Supplier_447,969,5,8.550213057880919,7.378416337790238,9.63458173165554
Supplier_448,1125,6,7.984665536452878,6.12343161723229,6.068490707851642
Supplier_449,1070,6,6.713009867618567,6.207581198073644,7.100020370407025
Supplier_450,853,8,8.743645084199455,6.568681786815582,5.048434413704839
Supplier_451,900,9,9.964505727285214,6.853573391902758,9.289775454575285
Supplier_452,1063,2,8.98887835096815,8.660584776953621,8.655786722274586
Supplier_453,852,9,8.959945546742446,6.629305120007313,9.733780175868516
Supplier_454,859,9,9.801251011722368,6.475497564708288,8.908077395981994
Supplier_455,907,7,6.811745470299609,9.058876565905116,6.568532560260326
Supplier_456,804,1,8.262199859685762,8.684221135439657,6.239366793642118
Supplier_457,902,7,9.918586860135534,7.741296885820945,8.488581537766464
Supplier_458,995,5,6.661176443880699,8.197239085920415,6.820563875052497
Supplier_459,1061,6,8.801007837778084,7.247936081305674,7.831075078763083
Supplier_460,1164,7,8.343240583887608,7.930001680941443,5.031287355132351
Supplier_461,1171,5,8.345916368754828,8.026690595930983,5.309428508402377
Supplier_462,1149,7,8.7906825100803,7.548949084712383,7.676839705908256
Supplier_463,846,9,9.718467691502736,9.626288842688652,7.830358232240826
Supplier_464,1154,3,9.130327759405352,6.064247459924024,8.757264722296718
Supplier_465,1110,8,6.22454441366484,9.128685052364984,5.659826598119809
Supplier_466,1107,2,9.410912079502845,6.497531324965298,7.565915418783894
Supplier_467,943,7,6.902165319702931,9.190189442148798,5.972238222158443
Supplier_468,1068,2,7.507656658945487,8.463647662706885,5.4659805978134735
Supplier_469,1169,4,7.846931254449529,9.373112363745609,7.052478970302773
Supplier_470,923,7,7.923624003012279,6.39005730256359,5.816683240445286
Supplier_471,905,3,7.740721597021427,8.235922536399096,6.108909890961593
Supplier_472,957,2,9.749413176863458,8.004351521048788,6.587772899347509
Supplier_473,946,7,8.824076030656098,8.824772731853434,6.296942003715982
Supplier_474,944,1,8.524682583826825,8.137162207574704,5.437956487029732
Supplier_475,919,8,6.199368111131767,8.162938268532416,5.4495812242985116
Supplier_476,1118,3,9.6156533210415,7.718383774304259,5.966247076170841
Supplier_477,1074,2,9.637560768033584,7.235337696029363,5.252795939797695
Supplier_478,891,3,9.12085225372041,7.929057445008769,8.132285098384635
Supplier_479,857,5,6.028116815254476,6.473969435073602,6.43663358254451
Supplier_480,1145,8,6.229121004310493,9.846053355932339,6.398729838845355
Supplier_481,1028,7,6.900894809073959,8.857643054506394,6.659991471188826
Supplier_482,916,7,6.525397632579627,9.809868466751388,8.313981371048609
Supplier_483,1117,7,7.595344118814918,6.906909529319853,9.353169407417454
Supplier_484,1078,8,9.690492232351158,9.517364080706113,8.795434662778192
Supplier_485,926,1,7.888241736787993,9.235159938254153,8.637646151125475
Supplier_486,1192,4,6.053610505728662,8.708609649830695,7.421955928004246
Supplier_487,1195,6,7.130982758315048,8.500116744340822,8.46902778483706
Supplier_488,928,9,6.178379633491846,7.2661986610714795,7.763811840167916
Supplier_489,857,2,6.145150490454009,9.265643139860122,6.081252640932645
Supplier_490,921,1,7.102879412382209,8.006061845918936,6.042941838705254
Supplier_491,800,2,7.102449354715782,6.2835663035651415,6.481960034376417
Supplier_492,1038,7,9.148506410406416,7.25145264342052,9.554013354849065
Supplier_493,1089,3,9.899338611124447,9.74118839418131,7.737074201898629
Supplier_494,895,2,7.484828375559993,9.402721042419385,8.669526885009347
Supplier_495,925,7,7.715547515444154,9.927622792306156,6.732793799082738
Supplier_496,917,2,9.379157745144086,8.511973530416393,7.038578853326126
Supplier_497,847,3,7.0725560803820535,6.990040292561648,5.627827893186257
Supplier_498,888,7,6.625527217613792,6.651260198707455,5.8564747891083515
Supplier_499,1036,4,9.412358493614601,6.747657762433846,9.136782774130728
Supplier_500,1172,1,6.1860023457602615,6.079182633389017,7.92419315844441
Supplier_501,1184,5,8.478797760797663,7.562728443943756,6.687662329419094
Supplier_502,1071,9,8.247971389867228,6.76571072199817,9.01425604497773
Supplier_503,988,8,7.3836817900067775,7.64662184182681,6.232599528189915
Supplier_504,991,9,7.260758084389436,9.739977727355061,9.88016349300102
Supplier_505,868,9,9.087430904726485,7.72216083802876,6.724088038730849
Supplier_506,1077,7,6.3456984430501855,9.511937987939339,6.686554770756138
Supplier_507,1148,4,6.947137237245542,8.422019066463506,6.559559527683526
Supplier_508,1046,5,8.92979492735236,6.988526218645568,5.61055757962144
Supplier_509,875,1,8.193282334905696,7.423419037036846,5.555685736660062
Supplier_510,953,1,6.511952834134346,6.335678143285717,8.240525172670617
Supplier_511,943,3,9.52854245712824,7.333850374384042,9.375590222790235
Supplier_512,885,8,7.573791386254366,8.710163782014137,8.952602551358368
Supplier_513,984,2,9.311473501288692,6.288444371717741,5.7055379701067555
Supplier_514,1084,4,9.150852062110834,6.821605633912117,7.727910608960332
Supplier_515,1019,2,8.497701785886912,7.525764165653246,5.5279577298832
Supplier_516,868,5,7.977924525180372,9.92819814806385,5.2264732180653874
Supplier_517,846,9,9.918203361527027,9.13944729183552,8.281929296923837
Supplier_518,893,1,6.579860289519268,8.933946985968415,7.675761668401751
Supplier_519,1037,5,8.90062291020446,6.464763826101784,5.4101184260573545
Supplier_520,1003,9,6.7647628058591565,9.123983574459967,5.174696232029942
Supplier_521,1199,1,7.3530524213293935,9.14107524606406,9.948782067046674
Supplier_522,1017,9,7.234794973492781,8.404410782497314,5.15010666074536
Supplier_523,1140,8,9.788143950954892,9.961447127993488,7.2226412652507985
Supplier_524,838,4,9.869424711153101,7.301015623698207,7.523095123038478
Supplier_525,899,5,6.732061776938909,9.765089792967407,5.586400739002225
Supplier_526,1088,5,6.088140641190017,9.658924459826014,5.845308892198581
Supplier_527,1053,6,8.880032158652453,6.045922638997512,6.759025032051762
Supplier_528,1021,7,7.671959735481938,7.800466105899244,8.808379381068313
Supplier_529,1156,8,6.355360980350257,9.908416932206293,7.535412120301333
Supplier_530,822,8,8.73501642230817,6.412485449632303,8.189509372764807
Supplier_531,1049,2,8.180422113042798,8.191138777533277,9.925872775453374
Supplier_532,809,9,9.922067288004424,9.915830028164416,8.840027176566048
Supplier_533,1045,7,6.909637983445515,8.221981696423441,7.1718074907060885
Supplier_534,1124,4,7.615911505306193,6.759261211888624,7.2322096089827435
Supplier_535,899,4,8.17018321358169,8.32873292037036,8.093860385205025
Supplier_536,1089,8,9.166799953813406,6.817762295798188,8.326826042094522
Supplier_537,979,4,8.195354626880235,8.078817051577937,7.503554629183356
Supplier_538,1022,6,8.451600643447797,6.296168871649392,8.2243061140749
Supplier_539,1193,5,6.9045882063597634,8.421930676857619,5.117662472070494
Supplier_540,1049,3,9.387674912354239,8.067159756512632,7.14811431948422
Supplier_541,946,2,7.714522187881903,8.960645475045853,6.394690380367384
Supplier_542,895,9,6.563838510087077,8.52280188463514,5.645872226215552
Supplier_543,1056,9,8.656751658021669,8.198425074123026,5.497732564043876
Supplier_544,1124,1,6.86436181274123,8.759115396992485,8.015960828073338
Supplier_545,803,3,6.3902500409571985,6.575767654288923,7.618002735763058
Supplier_546,815,8,9.447947633617089,8.381438645034416,6.267920584981846
Supplier_547,1079,6,7.840649057953758,6.688442411291111,7.354750293862573
Supplier_548,1135,5,8.997134850783105,9.702088831407524,7.461161575912041
Supplier_549,1046,5,7.16235023922542,6.273336419382417,5.975044902193079
Supplier_550,1057,6,9.147880539670666,7.721498998763173,8.260465309408254
Supplier_551,1183,7,6.447743708086121,8.783189910621779,8.904596781930453
Supplier_552,959,1,7.423893495179411,7.8320888466730345,8.957317704447595
Supplier_553,1139,9,9.912247271894113,6.368381012931609,8.012349153517276
Supplier_554,951,3,9.175958865472024,8.21351606450683,7.55819291259507
Supplier_555,1195,4,7.989023721258753,8.566527635309418,5.305035715026975
Supplier_556,977,1,7.35910988624754,8.81516924396203,6.439156494258029
Supplier_557,962,3,9.488542800089906,7.493039257851036,5.466357233890849
Supplier_558,1179,2,8.179391036338062,8.254639884115049,9.819115804392368
Supplier_559,832,2,9.033700071476444,7.802745899755653,5.6754007311288035
Supplier_560,978,1,9.016430721264657,8.688224155009014,5.75887704925551
Supplier_561,900,8,6.071782714273967,8.334227869299275,9.44788309165246
Supplier_562,1067,3,6.505015131170454,8.103024878236539,9.719641417382288
Supplier_563,1122,3,8.63851746557897,6.998097467352995,8.829145196174549
Supplier_564,864,6,6.646479245143485,6.008074070992936,5.027024618363349
Supplier_565,967,8,7.021973378622419,6.696326701245717,5.0067313547828185
Supplier_566,1129,9,9.78655181679843,6.468264165696675,6.890503848937254
Supplier_567,842,9,8.240729033499647,7.796338980043787,5.716976850054463
Supplier_568,843,4,9.002918027997389,8.449032603047378,5.091930710757986
Supplier_569,1084,5,8.23192295513056,6.852340034739233,7.320333447022524
Supplier_570,1196,2,8.210054459130902,9.756228383868748,9.715309487034858
Supplier_571,811,9,6.376607640502792,6.026728516895551,6.619097874512157
Supplier_572,894,8,7.374652770436413,9.089204060661372,8.305703392143482
Supplier_573,1101,3,7.1297235947460464,8.500819078121769,8.261176765662203
Supplier_574,1185,9,7.562913462454453,7.494219204190728,6.255400518325839
Supplier_575,1052,3,9.193376752897313,6.201955777649632,8.25212624411932
Supplier_576,1041,9,7.487730671667459,8.509946287137117,6.061669871434456
Supplier_577,834,2,7.80678727692673,7.542454051462592,5.610037067884445
Supplier_578,1014,9,7.589525561941266,9.745068557652877,8.506916427798451
Supplier_579,1136,8,6.373631887901182,8.167960299559063,5.567204085519584
Supplier_580,889,9,7.764288633003135,9.758606045174034,9.984546092946776
Supplier_581,1063,5,6.782437092178061,6.881934773893216,5.917262005751146
Supplier_582,892,2,6.7468931830921655,8.902903641456414,7.9707093137822875
Supplier_583,889,8,6.376144417737065,8.468996083394902,7.056872857062947
Supplier_584,914,6,7.426683896567059,8.957632919325247,5.631932112028336
Supplier_585,904,8,9.029927539157669,6.858671455890147,5.139219537887067
Supplier_586,1190,5,7.105766762333584,8.659978064951094,8.113661411464166
Supplier_587,995,2,7.249396407542054,7.9921615722274755,9.03378781894563
Supplier_588,1113,6,8.570698630689694,8.971299899625265,9.21007830753372
Supplier_589,913,5,6.7833632503476755,7.308178576607271,7.413567365384672
Supplier_590,874,5,9.587831721694137,9.56022810186101,8.887277335911929
Supplier_591,1175,1,8.080762093006218,6.337205258445401,8.364235667442724
Supplier_592,1016,2,7.790411761280868,9.228757275164753,8.621272637495666
Supplier_593,1076,8,8.231280767716806,9.445278503260363,7.462995026109071
Supplier_594,1048,3,6.664137253664782,9.269009245467284,8.167058701210635
Supplier_595,963,3,8.453892554556706,8.050905577047104,9.027629567880286
Supplier_596,1193,8,7.452402946536042,7.753539920123045,6.989420877785115
Supplier_597,1156,8,9.588745363858475,9.985049146099508,9.029894504337918
Supplier_598,991,2,6.6754168267107445,6.9166878048566485,7.960084213945314
Supplier_599,1026,8,8.028204415461765,8.187503863504178,5.8295051218539315
Supplier_600,976,1,8.392450517476071,8.682702101529301,5.123420786122923
Supplier_601,898,6,6.133534407145525,8.803470543445728,6.8137680019957605
Supplier_602,835,8,7.4547724990245605,6.816098662954315,7.733481641481699
Supplier_603,895,3,8.93054093880333,8.615976369359204,9.199101761017442
Supplier_604,951,8,9.281510029795893,9.273478265925348,5.637428400701231
Supplier_605,950,1,7.252647979269129,6.200074307284449,9.001031738417897
Supplier_606,989,9,9.194373089531005,9.646085173301266,9.315045230336136
Supplier_607,1023,9,9.871023508413556,6.118016220580824,5.753437435004169
Supplier_608,836,5,9.427495744300376,7.423884129953578,9.257971596521095
Supplier_609,1067,4,6.470575952637301,6.063252784931848,9.95726783921396
Supplier_610,1168,6,8.958921328342162,6.3085806741583275,8.634194155241188
Supplier_611,982,7,7.278667329762179,9.644673140720316,8.92384840912494
Supplier_612,812,5,9.953663957648306,7.419443322984591,9.972076337794366
Supplier_613,1078,9,7.941435932639548,7.699086121700212,8.027406252629728
Supplier_614,1016,3,6.489735593435764,6.8613775255302105,6.539431910081247
Supplier_615,1154,7,8.900742192109563,8.388383080746879,9.187654170380277
Supplier_616,1160,5,7.292044793544855,8.379212858711158,8.072428887558157
Supplier_617,1085,7,9.988312628326646,7.488801567300877,7.905977118604783
Supplier_618,1072,2,9.919129831418088,7.3321394872215935,6.268177777570191
Supplier_619,1168,4,8.624536072082323,9.539857232722351,8.781671347914433
Supplier_620,861,2,6.51930579580687,7.5331369585688055,5.408336379300481
Supplier_621,883,7,8.747443990700116,7.974003968617633,9.621435353973306
Supplier_622,1167,2,6.372121945840108,7.133219049699722,6.629117303852423
Supplier_623,1016,1,6.117456636409569,9.147078013428509,5.638873263949952
Supplier_624,1141,9,9.291833784885945,7.589792627596367,7.211832665512095
Supplier_625,1196,1,6.839011790734725,8.054444186177298,5.212349546282666
Supplier_626,986,8,7.51610850487639,7.013428680238645,8.42313097132483
Supplier_627,818,2,9.893829559904692,9.950638369365008,9.51352755222678
Supplier_628,976,8,7.3473620074444135,7.1659829636948915,9.186315035692544
Supplier_629,899,3,7.185959125133261,9.082970123622207,5.6368473672394055
Supplier_630,1195,6,9.672831998491102,7.709982601427036,5.63135568553866
Supplier_631,1032,3,6.442993781275833,6.8248696203365595,9.067172411621321
Supplier_632,875,7,9.038329640458528,9.198875055859444,9.62127137301558
Supplier_633,1064,9,9.952262266611097,7.334427156116172,7.303349149167445
Supplier_634,1083,2,9.605184043098596,9.460773389591244,7.49485558456883
Supplier_635,1005,5,8.606671674825703,9.661028739671291,6.591310206928629
Supplier_636,1022,6,7.256243179970928,9.439295341565103,9.47132559128207
Supplier_637,1183,4,7.017287924713267,6.140031659227223,8.22451452646178
Supplier_638,851,4,9.277020419485844,9.149493380020422,6.441257885836842
Supplier_639,1138,4,9.519287655806782,7.6453578659965755,6.493914355271258
Supplier_640,1166,2,8.101739650182772,9.4948916807289,9.456000365318012
Supplier_641,943,4,6.977359763145865,8.551817050738954,5.068170119529107
Supplier_642,1172,1,6.451772833644695,9.334572536575834,6.6136328636331925
Supplier_643,868,6,6.348717871327325,7.997727079467341,7.771783406081845
Supplier_644,898,1,8.876309789415423,8.140102018395732,5.741087310496623
Supplier_645,1195,6,7.6804749113909,6.577550528534669,5.460493770997949
Supplier_646,824,1,9.621439497111481,9.135949434757421,9.0763816554528
Supplier_647,1178,6,8.958685202907056,7.677558446667886,9.472021943242536
Supplier_648,852,8,6.765041671658347,8.00032047308633,9.118032103990947
Supplier_649,950,2,8.455109675262797,9.14039085638283,9.493939448686739
Supplier_650,943,2,7.742021817592637,8.395381600317755,7.765559855291857
Supplier_651,856,4,8.308998923074451,6.80439490977067,9.06129060495171
Supplier_652,838,3,8.952276493354068,8.360930636603571,6.9202131919555026
Supplier_653,908,4,9.224783524015162,7.630531431918623,8.331339307395194
Supplier_654,980,7,9.374949305626897,7.878102168175451,9.944177656945822
Supplier_655,841,1,7.015899498288099,6.113245097610671,6.1286386191956375
Supplier_656,985,6,6.124462399669431,6.840117398065127,6.949498731455403
Supplier_657,1197,3,8.957178940659093,7.124152325524113,7.400236886550428
Supplier_658,1022,7,6.425374905023098,8.851840031435223,5.6900774351002585
Supplier_659,921,2,7.259678354451871,6.045969893192462,5.405193052325284
Supplier_660,932,2,6.015268536497389,7.635109044916528,9.148614331608123
Supplier_661,962,4,8.726677929606481,9.696107481702931,9.88397186413793
Supplier_662,1014,1,6.6685280458848855,6.447522466196496,7.023625319148294
Supplier_663,1020,3,8.621129638766632,8.065697552874443,5.4382491809732665
Supplier_664,1034,9,9.966970468671356,9.146089529563389,5.329058803452883
Supplier_665,1130,7,6.290683486440065,9.770125230080467,9.456591031801494
Supplier_666,945,7,6.308312047805843,8.987106558134872,7.3190712486384
Supplier_667,1038,4,7.3615203706667,8.882262194577624,6.60013658281196
Supplier_668,875,2,9.465546057005369,9.30595236078305,7.382306356196997
Supplier_669,808,4,6.862119475165327,7.784804883910175,6.5915204734617365
Supplier_670,873,6,7.44151127972139,9.223378130471332,7.4451788765381
Supplier_671,1052,3,6.274021626507919,6.031857618981805,9.297781984589683
Supplier_672,1029,1,9.052621165035557,9.69824422150722,7.961506855310478
Supplier_673,806,8,7.633225371037804,7.773226038068701,8.473268864050876
Supplier_674,973,5,9.03699493224337,8.21352075146299,6.823353381171683
Supplier_675,940,5,9.61443137738718,7.019528995659529,8.692529392552593
Supplier_676,967,4,6.931052588405155,8.970123331361686,8.333085424396861
Supplier_677,969,6,9.229584121359805,6.306543225900995,5.597809988760282
Supplier_678,1192,3,6.236375560313013,9.49054321018734,7.863214265577923
Supplier_679,1082,9,9.59538955272099,9.312467316025371,6.2837174815487895
Supplier_680,921,5,8.60307419023499,6.864240464979066,9.020478348167964
Supplier_681,993,3,9.496906896553407,9.237297593141049,7.129688542334698
Supplier_682,804,1,6.000753598226328,9.145430932245926,9.973420825982437
Supplier_683,828,6,6.67632428142397,8.528866391015796,5.462502189694819
Supplier_684,964,2,7.559037549705968,7.49408070759875,8.901739313700793
Supplier_685,1138,3,7.518011613498874,7.0859950167274715,8.368508667710781
Supplier_686,935,1,6.906921531694042,6.9271343611574,8.837494152953527
Supplier_687,1164,9,7.5264477594688,7.274435851054429,6.537648977452282
Supplier_688,1120,8,6.515394848001019,9.61423377373012,7.460272446912003
Supplier_689,1141,2,7.651044517064104,6.3105631039551255,8.982542598618542
Supplier_690,944,8,9.209417316637056,9.315485105011835,6.162706658104275
Supplier_691,1126,9,7.916280252413404,7.395560300167294,6.130165983943261
Supplier_692,1016,1,6.07200035578086,8.086397584045432,7.755254766474662
Supplier_693,1100,5,7.685776166316989,9.177942534593964,7.617817897649279
Supplier_694,931,8,6.108700064363377,9.537506188091886,6.411312352064664
Supplier_695,1091,2,9.864973642827193,7.3791256802905885,6.490378252624113
Supplier_696,869,4,6.509815837691476,7.847373925100442,6.389225816032828
Supplier_697,1051,7,8.830753305322474,7.658064259267169,8.857560309992438
Supplier_698,1074,3,9.891105291568344,6.053004134015643,8.259504327812303
Supplier_699,1163,5,9.304156206666288,7.183771555434626,9.162085917051265
Supplier_700,981,8,8.797261500504815,7.836756934930247,9.87736514157011
Supplier_701,966,3,9.357843638003068,7.644374435521759,7.370821481359933
Supplier_702,890,4,9.92719477304251,8.887716910062718,5.333469407027244
Supplier_703,1001,9,8.485377989014118,7.539214468884413,5.240461552060177
Supplier_704,1145,7,8.236739227317306,7.957505795882681,6.478325196358096
Supplier_705,818,1,8.512952441853125,7.718434368529453,9.662722946762255
Supplier_706,838,4,8.13070354704622,8.962504595577482,7.616065274854375
Supplier_707,925,4,8.540356423638876,9.45188959594785,6.358932580400646
Supplier_708,972,9,7.799368831890237,8.127556316030056,6.995833972555098
Supplier_709,940,6,6.873772731533228,9.157728776780765,7.992975537023354
Supplier_710,1041,9,6.4809889060467025,7.187146728079402,8.264748290689212
Supplier_711,1019,6,6.273363742129042,8.165478440629075,5.7695975489145255
Supplier_712,925,6,7.0532631350128,7.38091981467989,9.88515838272588
Supplier_713,857,5,6.184494257342935,7.656803702287322,7.723861134913944
Supplier_714,947,5,8.268683119677542,8.929655459250675,5.678441588961396
Supplier_715,1116,2,7.135313788094081,9.526649929330851,9.46817626673067
Supplier_716,1182,8,9.29813923234813,6.485981564351062,5.373192155397144
Supplier_717,1160,8,6.296963491953546,8.538557025949522,9.538677165887563
Supplier_718,800,1,6.905405977365944,8.328575230311195,9.982828281444913
Supplier_719,1186,8,8.920984588360584,6.473660156703728,8.50215899578252
Supplier_720,1147,5,8.395233185533966,6.847577321760436,8.852236105369949
Supplier_721,989,2,6.25796508499667,7.2440099789307215,6.686514182337432
Supplier_722,990,2,9.508957828648802,6.667724283270006,9.70788426366967
Supplier_723,1168,6,9.509047051304718,6.974917930097368,7.648569830541838
Supplier_724,1111,9,7.321632015503095,7.07040319544683,8.661942232987775
Supplier_725,916,1,7.361623373398259,7.3426953321562385,9.620538579556397
Supplier_726,933,6,9.956113433400695,8.997561811204637,9.875899879877542
Supplier_727,857,9,8.504704686372552,8.287648815402402,9.166021782983371
Supplier_728,843,8,8.125266082272237,9.944986687805606,6.51508753491015
Supplier_729,972,6,9.352608734207697,7.658943307869884,9.832737582760412
Supplier_730,959,3,7.141161353429266,9.015460295347701,8.140597656217858
Supplier_731,972,8,7.716730373585428,9.485873685506135,9.653212381759799
Supplier_732,1116,9,7.071106701953337,8.715913972152167,8.38052512907176
Supplier_733,1102,1,9.156643386354926,7.647458961669984,6.536194809238602
Supplier_734,948,9,8.293397382540872,9.014378522983012,6.85012262071408
Supplier_735,879,6,8.635300280560282,6.814668551090739,7.7523588855147025
Supplier_736,1173,6,7.009228999357626,7.31020866072053,8.95007420779941
Supplier_737,1012,4,6.880901205509261,8.186741020397156,6.589912756701675
Supplier_738,1002,1,7.953498515931755,8.301637549144594,7.89865583067096
Supplier_739,1051,8,8.950262996371308,6.088565901890518,6.728124967882008
Supplier_740,1028,2,8.100959030080642,9.780456755024035,9.078847023175536
Supplier_741,963,1,6.130582710182674,8.78650908486956,7.333640468839752
Supplier_742,1026,2,9.474206025281156,7.982815000927564,5.383614134264426
Supplier_743,946,1,6.258747574060527,9.732508937633234,5.830262607407682
Supplier_744,819,1,9.823297934883009,7.7563822610033135,5.305523338098162
Supplier_745,846,9,6.100567833109091,9.921742281081487,7.496514730071626
Supplier_746,1032,1,8.777801824522836,8.04913902897394,5.531686486741136
Supplier_747,1104,4,6.328828254847126,6.457143079991917,5.570699846548161
Supplier_748,813,6,9.642706317740558,9.059203889837109,9.705241300191886
Supplier_749,942,7,7.857732944902171,8.715590900311362,9.363275360880277
Supplier_750,800,2,6.550095099268061,9.091946885222347,7.2604329840568305
Supplier_751,1172,6,7.363262799159386,9.805768114902724,9.929026604251028
Supplier_752,853,7,6.659298701387048,9.105957210604073,5.000932640853316
Supplier_753,1173,2,6.6823276462283605,8.445346408866587,8.06989728136697
Supplier_754,1058,2,9.792433280685769,9.429235609443364,8.08214088685935
Supplier_755,943,7,7.780984449139153,8.692985757418127,7.287215279349441
Supplier_756,811,1,9.155209055621437,7.632476227303693,6.9847398646714645
Supplier_757,1129,8,8.558422244710727,9.542479056967093,7.2769156774030375
Supplier_758,1023,3,8.70570544935357,6.8876018431374915,7.074802180398402
Supplier_759,1071,6,6.526773753888154,8.858565099634896,8.652462387411497
Supplier_760,1157,9,6.936737787261943,9.526253819763028,5.67677717486642
Supplier_761,955,6,9.147001340617749,8.925266078813184,5.9881961029556505
Supplier_762,1172,9,9.883064825899131,8.789101676215427,5.902591141962118
Supplier_763,807,7,7.050702570394607,9.010553176287344,6.312352925606323
Supplier_764,921,9,7.086275059004159,7.860220993202578,7.626292093907916
Supplier_765,1147,2,7.891588531243619,9.496682728628103,5.556043736691094
Supplier_766,963,8,9.935361251421751,6.813745900544365,9.340846476632521
Supplier_767,889,8,7.075835783305884,6.509545664001357,6.486807656542362
Supplier_768,935,2,7.6278876385370555,7.142035120474047,5.8126899373435394
Supplier_769,985,4,9.565920062494026,8.126309587099973,8.378106547991216
Supplier_770,1115,7,6.011684130485448,8.042247181637352,5.190431502996597
Supplier_771,977,4,6.159063859954278,9.282395030706347,8.099842824370821
Supplier_772,827,4,8.416286708284877,7.61827462561607,8.4909921533825
Supplier_773,1019,6,9.629520658851387,7.937377705166035,6.074582656933596
Supplier_774,1156,6,6.95542664160771,6.0534707330375825,5.209820367218171
Supplier_775,840,3,7.8785670987228364,7.638956945771756,6.818226794597248
Supplier_776,1027,9,7.801861206631273,8.591096931801369,5.492971151209682
Supplier_777,991,2,7.891885384382041,6.062033322506369,5.5823892483666855
Supplier_778,944,6,8.490078782918982,7.123527860744975,6.271306157224323
Supplier_779,1000,7,7.878975051962735,6.83182543715756,6.477339623133797
Supplier_780,1011,9,7.789872565289832,6.167941715638353,7.649851705107103
Supplier_781,1019,3,7.897153681725042,7.9170403596581505,8.391959427515065
Supplier_782,1039,3,8.363469765084165,6.726893172912626,7.963854704350924
Supplier_783,1196,7,8.148029953405434,8.97232615852552,5.741801686447584
Supplier_784,845,4,9.416543990602017,9.391711535053394,5.860430162263132
Supplier_785,834,8,6.1979874139746665,8.182340730676591,9.393846248964572
Supplier_786,1052,7,9.33326828589205,9.926829370084565,7.791761575320568
Supplier_787,1189,5,9.375698450446896,7.801914285882381,9.349689164488446
Supplier_788,881,7,7.139632086123843,8.053472840899662,6.857732556599371
Supplier_789,1170,3,7.851407820063402,9.956871015831,8.07200003715662
Supplier_790,1055,2,7.754153954149742,6.926193743860195,7.618317080273053
Supplier_791,996,6,6.874039337416521,9.77018375870762,6.595617449102313
Supplier_792,1102,2,7.587187388345265,6.171350220476453,7.349576860167977
Supplier_793,809,3,6.177551088683417,7.785547561052779,7.51245438413466
Supplier_794,1111,6,7.111288291126938,6.280014048532263,6.003854873783393
Supplier_795,1085,5,9.266728701802872,8.916938971654572,6.575051861883658
Supplier_796,1041,8,7.13824920705159,8.433635743520071,8.957048752534877
Supplier_797,1050,9,9.27282667499299,8.826537053870386,9.578941197270636
Supplier_798,1164,3,8.126397858417723,7.497921599872068,6.798970467726497
Supplier_799,804,3,9.51945070944464,7.477927736125521,6.534861411045091
Supplier_800,918,3,8.29911821705766,6.181277115843578,5.975985822859412
Supplier_801,1088,6,6.118672892258959,7.399779758118559,8.392455843252906
Supplier_802,1173,1,8.701680830188357,9.717153609048237,6.615498508331687
Supplier_803,864,7,6.179414272094275,7.516906148721796,9.938747695495943
Supplier_804,945,1,7.8023880759325355,9.32547082488788,6.628424010319766
Supplier_805,1023,5,9.717706777892456,9.369302018999736,6.970680233913141
Supplier_806,1038,8,6.660815757351401,7.492964625516935,8.016670981060173
Supplier_807,976,4,7.559489411766176,8.527954721584756,9.008421465956525
Supplier_808,1066,5,8.919441235393913,6.3814864090922345,7.347593326728168
Supplier_809,1140,4,9.52903422437939,6.414714322937106,7.113280168944792
Supplier_810,1081,4,8.683772018970032,6.194630654646853,9.97818916797404
Supplier_811,862,8,7.032693016764677,8.324060373500437,5.052468205699722
Supplier_812,1016,2,8.698431411664865,7.7042839105043885,9.475326444256229
Supplier_813,1141,1,7.18691056441636,8.19212942665696,5.745704129698687
Supplier_814,1114,3,8.87371691927494,8.084292762033552,8.929626381044567
Supplier_815,1082,9,9.816132510340163,7.400811964362921,8.089657799231489
Supplier_816,976,4,8.885573804425153,8.709893659293892,6.709236427490461
Supplier_817,897,5,9.451522011649649,9.034007523665563,9.369374777605092
Supplier_818,904,2,6.008415372703533,6.058513035510703,5.06453613990496
Supplier_819,898,4,8.870288498926378,6.828969199075513,6.133453260374618
Supplier_820,1184,2,9.318350227461002,8.852943472333347,7.83446398124768
Supplier_821,1110,2,6.162234950178726,7.546480690535336,6.75771130024849
Supplier_822,805,4,9.486390909152922,8.649935787766433,8.051887476591638
Supplier_823,996,6,7.026776913240184,7.387850638938234,5.120550967043334
Supplier_824,1150,7,8.661168407912221,7.563020609318548,5.582294652408563
Supplier_825,932,3,9.201419516093626,6.63471549475874,5.635481201092196
Supplier_826,1157,3,8.650658052237421,7.0329240786646405,5.946418229580047
Supplier_827,1058,6,6.369139168293029,8.42164703003035,7.296657204002714
Supplier_828,822,3,8.385286075441474,7.7326524452606655,8.760643497717856
Supplier_829,852,2,8.198334626888574,9.09721073177838,9.527694189644507
Supplier_830,964,8,9.601285072297086,9.410339819753371,9.176862651421231
Supplier_831,1001,5,7.616958918576836,8.16658567286704,5.984439358878418
Supplier_832,882,1,7.2843243883482005,9.033069168224237,7.205752761153162
Supplier_833,944,3,8.999403057745866,7.22761805277828,5.997057988792675
Supplier_834,884,8,7.6507013043335865,7.659884861600313,6.322359083335954
Supplier_835,877,4,8.584384700020252,8.851110704867324,7.517734907559431
Supplier_836,1165,7,8.585800360498428,7.544847971268123,5.340545123617613
Supplier_837,800,2,9.55215625744047,8.354019740635955,6.090871647966366
Supplier_838,850,7,8.39476960927639,6.741491116330046,9.676890806535585
Supplier_839,972,5,8.008614439847948,8.399085259881993,7.330581463292445
Supplier_840,1004,5,6.555485305586068,9.446054828907574,7.226932629889361
Supplier_841,1059,6,6.462950426714821,9.474558559293703,5.0728357737563945
Supplier_842,1168,9,6.6172862611323175,8.897377625318159,6.236998735291729
Supplier_843,1087,6,6.687393925308378,8.983013516304505,9.331462179910908
Supplier_844,833,8,8.551508370654535,8.231709780602802,5.823142141293344
Supplier_845,1147,7,8.963925001098314,8.338672360663299,7.0756246976736055
Supplier_846,894,9,8.119966091705674,6.534602325642072,5.071654529335007
Supplier_847,871,4,9.316070930181965,7.775436753685204,7.391677408352779
Supplier_848,838,2,9.965052906934533,7.803105135545455,5.105105533631086
Supplier_849,953,7,9.280050516477424,9.833991342670961,9.098047765329
Supplier_850,1049,6,8.779529494703837,7.724347450493157,9.124268837435519
Supplier_851,961,1,8.129970797748587,8.19737057961103,8.93871094151185
Supplier_852,917,9,7.7954122866988325,8.13300559711641,6.416820344455591
Supplier_853,1058,9,6.337569522178169,8.547046868177308,9.18618609110909
Supplier_854,1178,2,7.597474993578764,8.992931325327584,7.714990663026347
Supplier_855,1105,3,9.640538547128537,6.9001675046834885,6.869040544335013
Supplier_856,1067,5,9.232090519626212,8.114897676393742,8.126649798521164
Supplier_857,853,5,6.864205460046749,9.30367082926412,5.06170523030187
Supplier_858,1035,1,7.8664311387888635,7.852458855350045,5.714804388003761
Supplier_859,1188,8,9.266892810234179,7.113830185494292,8.711467690851315
Supplier_860,1021,8,6.26953821914209,8.618836301425196,6.220808043580766
Supplier_861,1050,4,7.549570342674637,9.295069583196492,7.990045586643748
Supplier_862,1112,7,9.40736494749579,6.252561171709566,6.925513014115149
Supplier_863,911,3,7.6155914566804945,9.107161933628909,9.274028893996308
Supplier_864,1054,6,6.310458578925763,9.286591731847086,9.762076529983219
Supplier_865,1102,9,8.170137474129007,7.846091710354427,9.417823641850951
Supplier_866,1006,1,9.446969979673181,9.933222627273869,6.353099973467984
Supplier_867,1028,5,8.361142171812638,9.146833362829236,5.970814345230411
Supplier_868,1140,4,6.905116432856927,9.094650259582663,7.372174468103675
Supplier_869,1197,8,7.536958480549526,8.991354297648288,5.036670754180902
Supplier_870,865,1,7.800493444727729,6.602432412873096,5.129046964315909
Supplier_871,874,9,8.317065415282107,6.868923545812043,7.766453198115
Supplier_872,902,6,9.037404103010452,7.8559605258577,7.60224702082643
Supplier_873,991,4,6.395494470562541,7.056017399837863,9.9729099451763
Supplier_874,1051,9,9.558608132070265,7.660963889336162,6.009209176818791
Supplier_875,1025,5,6.049238812064303,9.553856439691682,6.290519645802342
Supplier_876,1093,5,7.480209338697021,9.297307567517077,5.567703211631433
Supplier_877,1105,5,6.10968123989063,8.520159513919928,9.587715048268723
Supplier_878,897,1,7.571896901381165,9.432481577004413,8.889056222292254
Supplier_879,1137,1,8.103250395493294,9.135089556068998,9.111695557284238
Supplier_880,1085,8,8.046725546326048,7.715939727363562,9.513818939822544
Supplier_881,1134,8,6.662513388113061,6.8042606081997805,7.624499933629192
Supplier_882,1146,6,8.58296204038245,8.056804160037357,7.255965957253618
Supplier_883,1107,4,6.179113802018673,8.944915530114201,6.651957368328082
Supplier_884,1048,2,9.047627280529662,7.745678394918372,7.946073071739278
Supplier_885,965,2,9.786577735974184,8.66708763913559,7.271391983949113
Supplier_886,1134,9,7.359075308604472,6.3773097051641745,7.257827933027876
Supplier_887,829,5,8.068957526857329,8.992018945485613,9.684639318655694
Supplier_888,1046,4,7.515641112235258,9.250854479572247,9.92015757139565
Supplier_889,905,1,6.02684156121624,8.827351423122165,8.982421946647904
Supplier_890,850,7,7.543498011580464,9.869054350105461,8.78379045123464
Supplier_891,880,3,9.166881037045385,9.306608229842562,8.402790808895507
Supplier_892,932,6,8.383955368733927,9.612374911506153,5.8303742616675684
Supplier_893,1084,5,6.405039658460636,9.734284333830592,5.295529104378272
Supplier_894,1187,5,9.38855795877514,9.205391967495235,8.453631575566316
Supplier_895,937,5,8.124341379540972,8.697035368025997,8.64393111128288
Supplier_896,983,1,9.366893446978704,6.022874325443157,5.234864955490699
Supplier_897,1129,1,8.320886075140118,7.863303012892499,9.640258751144241
Supplier_898,1072,3,8.23875377935176,8.284649194489443,5.455703197223388
Supplier_899,1139,4,6.4210367407880495,7.216121089791999,6.429502668856012
Supplier_900,868,5,6.669438932554511,7.272417787613888,8.361949063993523
Supplier_901,833,2,9.888101025986364,9.844637662840661,5.849362972022382
Supplier_902,1061,8,6.913946987019083,9.566843460810983,5.277079442211222
Supplier_903,852,2,9.909808471961473,9.396716022006817,6.655732445820749
Supplier_904,1004,9,8.127650826097053,7.624047206824443,8.829857874275895
Supplier_905,925,2,6.5431561882557485,6.054794201635659,7.068393394926302
Supplier_906,1034,9,6.397208811014772,6.320888985822856,8.264864609539696
Supplier_907,842,7,6.83545628282296,7.248785472870415,7.898095486140683
Supplier_908,1039,8,9.702549320101344,6.062971651982708,5.1110924101279025
Supplier_909,1170,2,7.656600897312908,6.068599127660793,9.942699935228532
Supplier_910,910,7,7.5817370719716575,9.666413206569644,5.207140444096939
Supplier_911,1048,6,7.252825044280696,8.824634008476217,9.839013688242424
Supplier_912,950,4,6.5882474022663535,7.235823960272611,7.749320891821991
Supplier_913,982,7,7.951404788769626,6.530578310403813,9.815795135325333
Supplier_914,1135,4,6.520191130044555,8.046542871580309,5.573767997069178
Supplier_915,894,2,9.34192094552931,6.021384643417457,7.452042595927566
Supplier_916,1173,7,7.481587945101226,9.753654975432577,5.847520459330293
Supplier_917,1199,8,7.499214271127185,7.659260477555788,5.254874385112212
Supplier_918,807,2,7.896025713932623,7.609339820949331,8.087645575311559
Supplier_919,1187,5,7.776510852663007,7.562374430327129,6.038917104808457
Supplier_920,1159,1,9.979431892237287,6.277313321551059,7.93848509143773
Supplier_921,1187,7,8.18152448487321,8.553288959167306,5.561822409744928
Supplier_922,983,8,6.352806815159482,8.932014478513413,6.659932357163514
Supplier_923,1080,6,8.42750936630772,8.70450159035316,8.908162790266235
Supplier_924,994,5,6.60633717147952,6.553741973317577,7.185257609210938
Supplier_925,1151,6,6.1237505789253674,8.31536067214237,8.138727074486681
Supplier_926,994,2,9.882968614708993,8.277937936689016,8.237289703727729
Supplier_927,954,1,9.094155566138255,9.473643151765529,9.218775219936468
Supplier_928,892,7,9.920435969655067,7.5165106335025875,6.624613972033206
Supplier_929,959,7,7.91151379208897,7.485943774637737,8.436477812912589
Supplier_930,860,2,8.129030124595904,8.474108234872743,9.80807903523083
Supplier_931,921,2,6.6733478236765205,8.532290613998052,8.65121667178934
Supplier_932,850,1,6.987629706670342,7.8771409093031615,7.449352383588723
Supplier_933,1076,8,9.354196859611314,7.772237449321684,8.153587222459645
Supplier_934,804,8,7.424742588470377,7.976590682551531,8.69841448881554
Supplier_935,891,1,9.307259895185677,9.444181198013247,8.061378828469362
Supplier_936,969,8,8.836054897148127,7.8446676050156405,5.083379067449195
Supplier_937,1116,9,6.7086837010874625,9.75972716787929,5.973867488436129
Supplier_938,821,4,8.02978546447897,8.016015054385305,9.05234108607733
Supplier_939,1125,1,8.709549286074868,9.796802772723566,6.363253236562423
Supplier_940,800,1,6.9401488592153004,9.331327607476304,8.65781059780567
Supplier_941,932,3,9.322754042080307,7.449725290463316,6.860601076208494
Supplier_942,1032,5,8.179310630180748,9.454565685186465,7.609421640789716
Supplier_943,811,5,6.660968201770412,6.440253136804461,5.339866499097019
Supplier_944,1145,9,8.33193770465841,9.700188701372058,5.9061278052485475
Supplier_945,845,2,9.998855216623657,8.526574060331566,9.785984817596173
Supplier_946,833,2,6.602085966653654,6.217562994089245,9.45069026723457
Supplier_947,877,6,9.267027720478112,8.577026894603247,8.26137555449525
Supplier_948,1017,9,6.829236012750232,9.896990616579025,7.298222986928687
Supplier_949,1100,1,9.12955331784035,6.279202618458516,8.378806464476119
Supplier_950,872,9,8.938311692485653,8.218750839120345,8.093051445469694
Supplier_951,1081,9,7.201957542401729,8.99117739903749,7.84276127802306
Supplier_952,1048,9,7.3032924702578,9.241034346798125,5.295885359317709
Supplier_953,846,5,9.170085567851677,7.655309861283183,8.164013053307535
Supplier_954,920,9,7.845782047549251,6.8166662366729724,8.844600222855842
Supplier_955,1013,4,8.923272114847235,6.169369115089536,9.970408273227878
Supplier_956,1038,2,6.591936589463339,8.3189046283889,5.0553927629715485
Supplier_957,855,6,9.410231127606213,7.811644281070443,8.650867266553384
Supplier_958,1149,4,8.843538866729276,9.794977580598843,7.858946579679902
Supplier_959,906,6,9.627771235339335,6.242419630859639,7.170260880404784
Supplier_960,1118,3,6.52948951613989,8.741581373784022,5.637850872856855
Supplier_961,847,6,8.37205800144239,6.099864888480228,7.0454257431743805
Supplier_962,860,2,8.3964823401613,6.685736706842171,6.771885914930676
Supplier_963,1136,2,7.41384296218713,7.8143159996913365,6.514149444893711
Supplier_964,825,9,7.833865698277031,7.819489771211472,8.654398116611038
Supplier_965,1091,7,6.151926253159414,8.742802171734576,8.503627606421318
Supplier_966,1056,3,8.983440154508049,9.640852139471026,7.945100454904558
Supplier_967,807,1,8.197289917612697,8.556128635659682,9.693324066466861
Supplier_968,912,8,6.2309642074766955,9.814140391406035,6.749271920904272
Supplier_969,1154,6,8.723023571841942,9.526462559511991,6.219009688550898
Supplier_970,1052,7,7.867128308924752,8.337999182123161,8.279516565491997
Supplier_971,979,9,6.1378450377,9.33516780367531,5.994070304687015
Supplier_972,1006,5,9.878430907392381,8.570310441294536,6.5750525359171235
Supplier_973,1102,1,9.796448572357761,6.314231323694909,6.123012200374424
Supplier_974,926,7,8.05160966458879,8.96225889303804,5.345767838592506
Supplier_975,855,5,6.374689682823641,6.379633765069385,9.137493708178367
Supplier_976,1013,3,9.018484886394367,8.376331122278849,6.272702714608306
Supplier_977,813,9,7.967724400422917,8.810560823432915,7.365137516715103
Supplier_978,827,1,7.20978991315752,6.266110432843421,5.21657636627156
Supplier_979,877,1,7.965672710114227,6.923178615706127,8.496697331263215
Supplier_980,1015,1,8.089776581621859,9.662688929046599,6.652805011531454
Supplier_981,1185,3,8.250846796089357,8.465257968931585,8.72368363914605
Supplier_982,1164,6,7.764894854621306,6.985144075242126,7.062015302339331
Supplier_983,953,3,8.423021212556227,8.762719084592026,5.978778032028123
Supplier_984,813,8,9.67493884242551,8.387105679846758,7.565875411410179
Supplier_985,986,2,7.449072348394365,8.006302799671793,5.652522798187199
Supplier_986,1111,9,8.902865852879795,9.904747899952335,7.202695799364974
Supplier_987,1170,3,9.57781022729693,8.733815109630036,6.586527387102432
Supplier_988,806,5,7.823917103039747,7.501764438671651,9.559797920998166
Supplier_989,802,8,7.7738233455276164,9.200293728307471,5.3046436086036
Supplier_990,910,2,8.408467941419119,9.538333171684751,8.47008707052871
Supplier_991,1037,6,8.365627037689952,6.500882238067326,5.9137558299371795
Supplier_992,1162,5,9.226357369305108,6.802211911381066,6.595225371661199
Supplier_993,1038,9,7.905933535113171,6.864908036511119,7.0775703153103295
Supplier_994,1073,5,9.984491798557764,8.764847237546162,9.540075446874871
Supplier_995,1093,2,6.237886275469123,8.412158220213133,6.212891330369126
Supplier_996,1026,5,6.0126713943228065,8.475966258794353,5.456544012723351
Supplier_997,1170,4,8.560793246238495,9.763093198758003,6.593448019952618
Supplier_998,814,7,7.193739649447506,9.103646131229224,5.5233798526776665
Supplier_999,991,6,6.961529554797935,6.511747698047133,5.642982429802762
Supplier_1000,918,2,7.247596320017122,7.3900283297007245,7.869252989875133
